{
    "174": 1.028712146478423,
    "116": 1.0292876899364747,
    "58": 1.0703366142259902,
    "34": 1.0711668105438794,
    "23": 1.071750752447249,
    "11": 1.0727312286383293,
    "4": 1.1079961544041865,
    "2": 1.1239302547570718
}