{
    "30": 1.0968014634958572,
    "20": 1.0984709284968728,
    "10": 1.098470928496873,
    "6": 1.0988138436497616,
    "4": 1.1176756440753433,
    "2": 1.1404914212531112
}