{
    "184": 0.9999999999999998,
    "123": 1.0000000000000004,
    "61": 1.000000000000001,
    "36": 1.0260095348534821,
    "24": 1.0271763188930532,
    "12": 1.0271763188930538,
    "4": 1.0853858471681852,
    "2": 1.1694230564907906
}