{
    "61": 0.9999999999999997,
    "41": 1.0723734877470634,
    "20": 1.0723734877470636,
    "12": 1.0796324108640203,
    "8": 1.0869080497574475,
    "4": 1.1720619275838629
}