{
    "16": 1.0281087404879854,
    "11": 1.0281087404879852,
    "5": 1.0281087404879854,
    "3": 1.0281087404879854,
    "2": 1.0281156324924332
}