{
    "63": 1.0268028288224949,
    "42": 1.0268028288224946,
    "21": 1.0268030971290554,
    "12": 1.0268030971290554,
    "8": 1.0268030971290554,
    "4": 1.0268030971290554
}