,task_count,deadline,paths_count,variables_count,constraints_count
0,85,167.55490603977793,1056,425,1141
1,19,40.17865333064385,16,95,35
2,3,2.436047642211291,1,15,4
3,18,148.45706910444247,16,90,34
4,88,61.71253790819058,1056,440,1144
5,85,163.58403005414164,1056,425,1141
6,21,46.58557695849141,16,105,37
7,6,4.830392987366948,4,30,10
