{
    "174": 1.0281164221407784,
    "116": 1.0286919655988291,
    "58": 1.0702271268014885,
    "34": 1.0708030201947616,
    "23": 1.071636215957407,
    "11": 1.0722359895454734,
    "4": 1.1123499792134623,
    "2": 1.1239451827628983
}