{
    "30": 1.0966503607760816,
    "20": 1.096903787910462,
    "10": 1.096903787910462,
    "6": 1.098573252911478,
    "4": 1.1340530517248082,
    "2": 1.140801328530321
}