{
    "184": 1.0,
    "123": 1.0000000000000002,
    "61": 1.0000000000000009,
    "36": 1.026009534853482,
    "24": 1.0272166443791957,
    "12": 1.0283834284187674,
    "4": 1.0858439616545563,
    "2": 1.16942305649079
}