{
    "61": 0.9999999999999994,
    "41": 1.0723734877470636,
    "20": 1.0723734877470636,
    "12": 1.0723734877470634,
    "8": 1.0869449799612774,
    "4": 1.172352317323555
}